Metric,Value
MSE,0.0084323001938988
MAE,0.07065854321465286
RMSE,0.0918275568328963
MSLE,0.00400504203391492
