Metric,Value
Accuracy,0.899625
Precision (micro),0.9132089836315188
Recall (micro),0.899625
F1_micro score,0.9063660978527801
F1_macro score,0.9066785906938485
