Metric,Value
MSE,0.008405362016728549
MAE,0.07058407713562613
RMSE,0.09168076143187592
MSLE,0.003992806410482875
