Metric,Value
MSE,0.012949487610602411
MAE,0.08522876836912516
RMSE,0.1137958154353771
MSLE,0.005580894769239916
