Metric,Value
MSE,0.006374220154142811
MAE,0.061620223500527815
RMSE,0.07983871337980598
MSLE,0.0027076626364876365
