Metric,Value
MSE,0.002312539048580617
MAE,0.02981413388691057
RMSE,0.048088866160272664
MSLE,0.0010000867126602525
